{"total_energy":41.51207846212387,"power_avg":3.7738253147385334,"duration":11}