{"total_energy":41.68493071651458,"power_avg":3.78953915604678,"duration":11}