{"total_energy":41.498670883178704,"power_avg":3.7726064439253366,"duration":11}