{"total_energy":41.45991369581222,"power_avg":3.7690830632556565,"duration":11}