{"total_energy":37.21571906042099,"power_avg":3.7215719060420986,"duration":10}