{"total_energy":41.4642044878006,"power_avg":3.7694731352546,"duration":11}