{"total_energy":41.261923813343046,"power_avg":3.751083983031186,"duration":11}