{"total_energy":41.54822451353073,"power_avg":3.777111319411884,"duration":11}