{"total_energy":42.05421700143815,"power_avg":3.823110636494377,"duration":11}