{"total_energy":41.95851461696625,"power_avg":3.8144104197242044,"duration":11}