{"total_energy":41.528708165168766,"power_avg":3.775337105924433,"duration":11}