{"total_energy":41.568724850654604,"power_avg":3.7789749864231457,"duration":11}