{"total_energy":41.43094922924041,"power_avg":3.7664499299309466,"duration":11}